user_id,prob_churn,gpt_offer
U1439,0.978201152,"Use code ZOMATO20 at checkout.
Terms & Conditions:
-Valid only for first time users on Zomato.
-Offer valid for 24 hours from the time of issue.
-This offer cannot be combined with any other ongoing"
U1652,0.871107017,"Great food starts with great ingredients.
At Zomato, we partner with some of the best restaurants in town to bring you a stellar dining experience. And because we believe that great ingredients are the backbone of every great meal, we work closely with our restaurant partners to handpick the fres"
U1589,0.789425659,"Apply code ZOMATO20 at checkout.
T&C: Applicable on minimum order value Rs.300. Not applicable on cashback & discounts provided by restaurants. Offer valid for 1 day only.
Want to order now?"
U1237,0.775468831,"Use code ZOMATO20 at checkout.
T&C: Offer valid for Zomato users in UAE only. Offer valid for a single use. Offer valid on minimum order value of AED 25. Delivery fee and taxes extra. Off"
U1527,0.692494871,"So, there's this new place I heard about and I was wondering if you've tried it out yet? It's called ""XYZ"" and they serve (insert cuisine/food items), and I've been dying to try it out. Have you heard anything"
